age,experience,department,salary,training_hours,projects,feedback_score,performance
28,2,HR,32551,80,1,1.679548292876229,Low
41,6,IT,101947,15,2,1.5077776550198907,Low
36,2,IT,91001,93,4,1.4931351171957874,Medium
32,13,Sales,79159,22,2,3.0742467546629357,Low
29,11,IT,81707,23,1,1.9833897699736012,Low
42,11,IT,63243,91,7,2.432558866116578,Medium
28,16,IT,51800,59,8,4.95802133353729,High
47,11,Sales,105939,86,6,3.737256995701379,Medium
40,19,HR,87828,30,4,4.795922668188005,Medium
44,15,HR,37239,10,6,1.5702262201324624,Medium
32,16,IT,36710,8,3,2.528557899330277,Low
32,11,HR,51384,33,8,3.218927213129417,Medium
45,16,Sales,51038,63,2,1.307032247554952,Low
42,8,Sales,70846,21,5,1.0167497745118315,Medium
25,4,HR,117983,47,1,3.68173733518767,Low
29,8,HR,97821,84,6,3.5672780672057414,Medium
45,4,IT,67991,70,2,2.643155239998447,Low
24,3,HR,109057,38,4,2.9585763041281306,Medium
43,3,IT,36971,12,6,2.6617720023683584,Medium
42,18,IT,59139,17,8,1.0960201793795554,Medium
23,19,Sales,115445,12,8,2.3414864248698497,Medium
45,19,Sales,107067,98,6,1.7083290215891593,Medium
33,5,Sales,110257,98,4,1.393696756405475,Medium
27,18,Sales,114742,69,8,4.826881735557399,High
23,10,HR,67711,47,8,3.3974389001686625,Medium
49,6,Sales,36530,43,1,3.9146251369464107,Low
42,1,HR,41116,85,4,2.26145497306447,Medium
22,5,Sales,95794,63,4,2.572588517976061,Medium
33,9,HR,30282,88,7,1.947695975586894,Medium
47,12,IT,109473,92,7,1.387862683861699,Medium
43,14,HR,31898,90,8,1.7161265497663352,Medium
33,2,HR,34135,97,5,4.190056181185943,Medium
46,17,Sales,36629,90,7,3.7101832207351033,Medium
38,14,HR,115120,48,8,3.1877155039419076,Medium
48,13,IT,119087,13,9,2.9003594914670723,Medium
48,9,IT,95031,41,3,4.689737134624497,Low
31,15,Sales,63380,78,3,1.2909397911146736,Low
49,15,IT,47071,40,4,2.122403252951664,Medium
49,11,HR,50074,96,5,2.399751414282856,Medium
37,16,IT,97843,32,1,4.129703248851151,Low
36,17,Sales,69901,46,7,4.970058480647886,High
36,4,HR,41205,47,9,1.9626820590286123,Medium
40,1,Sales,85661,89,8,4.4972293365483225,High
33,8,HR,35906,92,5,4.322491041727165,Medium
44,17,IT,32591,46,4,1.8986295905670665,Medium
41,3,Sales,92987,70,7,2.5973303207968903,Medium
46,15,Sales,93370,59,5,2.6386914771700765,Medium
24,15,HR,110685,76,7,4.912882674106234,High
26,14,Sales,84400,52,1,1.7235676055155933,Low
40,14,HR,55150,95,1,4.196631884419128,Low
28,2,HR,61852,26,3,2.3367708566924397,Low
42,13,HR,72870,31,2,3.9234813831046416,Low
30,14,HR,82756,97,2,2.6800440171826514,Low
28,19,IT,86481,71,7,3.31343905246616,Medium
39,7,HR,31283,17,2,4.3304470933045245,Low
25,3,Sales,63691,49,4,4.216662259935537,Medium
46,15,IT,31125,14,2,4.4656927341588,Low
49,14,Sales,97065,13,6,1.238469301378636,Medium
35,11,IT,56170,58,8,3.7682022121589793,Medium
39,15,HR,38438,31,4,1.5599495068870515,Medium
47,13,IT,50095,38,5,2.663274272073644,Medium
30,18,IT,46154,5,4,3.194353660218754,Medium
47,6,Sales,38004,36,3,2.610957938987323,Low
42,3,Sales,39752,93,5,3.07844670321203,Medium
23,19,HR,85426,97,9,4.986105235194477,High
41,15,IT,56819,75,8,1.540869254851419,Medium
49,5,IT,54217,71,8,3.7018241813457022,Medium
36,10,IT,118708,88,8,2.584003865542461,Medium
49,7,HR,62994,24,8,1.5320391956293151,Medium
28,17,HR,45036,98,7,1.6349470534972381,Medium
33,7,HR,107275,39,8,4.797092424982468,High
29,12,HR,79416,95,8,4.518405986847048,High
36,17,HR,39587,94,8,4.628167841660087,High
24,13,Sales,30645,82,7,4.9661311033095465,High
35,4,IT,60930,21,1,1.8332615600340718,Low
38,10,IT,111835,22,4,2.421757349456247,Medium
25,3,IT,60090,49,4,3.676876119699467,Medium
39,9,IT,117489,97,5,2.935210159442589,Medium
29,13,IT,82142,88,6,2.673558133513334,Medium
25,18,IT,56475,57,4,2.431244997342372,Medium
23,15,IT,48888,95,2,3.375122527773809,Low
27,4,IT,73732,86,6,3.302373714560328,Medium
43,15,Sales,111623,72,8,1.6458313362569603,Medium
31,2,IT,76305,69,8,2.8869593500737563,Medium
25,15,Sales,76037,5,7,3.2138871048393995,Medium
43,8,HR,39346,62,6,3.281147754925562,Medium
39,8,IT,30587,30,2,1.8404287716494072,Low
47,17,HR,42763,24,7,3.969085569009147,Medium
33,12,HR,89165,91,5,1.1007963792842785,Medium
23,19,HR,99615,14,6,2.4193274221726506,Medium
31,10,Sales,66116,63,8,4.120850594142534,High
25,9,HR,115751,79,8,3.2555716842216094,Medium
35,5,HR,55556,45,3,2.044649730043441,Low
37,6,HR,89042,9,7,3.779812477372191,Medium
36,2,IT,48099,69,1,3.2695637766242935,Low
29,13,IT,75096,21,1,4.184974437825549,Low
35,6,Sales,101986,26,7,3.9401007447592935,Medium
44,5,Sales,43230,45,9,3.4404316881449386,Medium
49,1,IT,59009,97,7,2.952710701243256,Medium
46,6,Sales,100969,72,5,1.5327285026700936,Medium
29,6,IT,63866,73,8,2.045332071541535,Medium
42,16,HR,114246,15,2,2.676397891668341,Low
37,4,HR,106975,60,9,3.3971971480255547,Medium
34,11,Sales,71855,55,6,3.0548314208612193,Medium
39,9,IT,111557,25,9,2.152738103838118,Medium
36,3,IT,36416,80,2,1.0258574311588422,Low
42,19,Sales,102516,30,3,2.9849568876032557,Low
45,8,IT,85915,23,8,2.1425039542489723,Medium
47,5,HR,48058,64,1,3.9384332028421403,Low
46,4,Sales,106637,75,7,1.095785061081934,Medium
49,6,Sales,70718,51,7,3.3393112452231635,Medium
49,2,IT,62602,75,1,4.765896950024262,Low
49,11,Sales,104658,30,9,1.697637068445998,Medium
34,4,IT,108112,44,8,2.8865979630023815,Medium
30,15,IT,88067,9,4,1.3656879672685527,Medium
36,6,IT,57516,25,5,3.5027276490454105,Medium
34,17,IT,117969,82,2,3.2021267223849024,Low
22,6,IT,31089,8,9,2.6294620968513294,Medium
46,19,Sales,67346,27,6,3.085508085894965,Medium
28,2,HR,104663,88,3,4.586298633876041,Low
30,15,HR,40487,19,7,1.7851772092442681,Medium
45,11,Sales,30155,97,9,1.090258046821389,Medium
22,8,Sales,97494,12,3,4.446659538796403,Low
33,19,HR,106229,45,2,3.308468329551626,Low
29,13,HR,68547,23,7,4.56263382184737,High
45,12,HR,58795,50,7,3.3877808936526903,Medium
32,5,HR,85296,32,4,4.24064435983881,Medium
40,6,HR,51447,95,9,2.7186934534205918,Medium
38,4,IT,66598,72,8,3.999439725153075,Medium
29,19,Sales,71814,19,1,4.6521658675594235,Low
24,1,IT,105330,41,1,3.288491854888825,Low
24,17,HR,117960,5,5,1.7231406022495181,Medium
22,12,HR,93278,71,6,2.0751904601207927,Medium
48,15,HR,85077,28,3,1.7945783075896231,Low
26,1,IT,101906,31,9,1.9874281103829317,Medium
31,14,IT,39528,44,6,2.2256617974041455,Medium
28,6,HR,80100,67,4,3.220535147012754,Medium
47,5,IT,38179,65,7,3.351966517855331,Medium
30,11,IT,78781,40,8,2.7059989889674445,Medium
49,4,HR,85267,97,9,3.4616831192833417,Medium
28,13,IT,112379,28,6,1.3262997024454637,Medium
30,11,Sales,53952,28,6,1.3511529482326399,Medium
29,3,Sales,83798,8,8,1.6873178414306338,Medium
33,1,Sales,80939,71,5,3.072309992161379,Medium
23,6,Sales,59516,38,3,1.8559787147932543,Low
22,18,HR,86526,61,3,2.1331376139703093,Low
37,10,HR,40449,53,6,2.6012513446919763,Medium
44,5,HR,80290,91,2,4.24746449604152,Low
44,10,Sales,116661,57,6,1.0554485436514405,Medium
45,12,Sales,102954,27,6,3.5975152809464896,Medium
26,2,IT,52746,73,8,3.6755061241627414,Medium
24,13,IT,97990,99,7,4.194623121426546,High
33,8,Sales,88810,57,8,4.731011756241253,High
29,2,Sales,113297,66,9,1.0805513957971593,Medium
43,1,Sales,45223,45,6,1.6151348220528647,Medium
48,5,Sales,102237,61,3,4.544685176223972,Low
24,9,IT,32597,64,3,2.8340742487480615,Low
22,17,Sales,95677,58,1,3.258362555733854,Low
24,9,IT,32659,74,5,3.6521088148925895,Medium
26,11,Sales,116516,61,4,3.7162664179825495,Medium
36,15,Sales,104567,14,9,4.726961613266033,High
35,6,Sales,45037,44,9,4.987797669646678,High
24,3,IT,76738,11,5,3.880629843723761,Medium
22,17,IT,101678,42,4,2.1488848368206033,Medium
26,5,HR,42109,89,7,4.519009609177374,High
47,12,Sales,52010,65,6,1.1968836581630464,Medium
44,18,HR,38787,88,4,1.9243234114979848,Medium
35,14,HR,38472,7,2,4.58954286985486,Low
28,11,IT,53383,55,1,2.02476605775742,Low
48,9,IT,91709,90,4,1.8826042384869939,Medium
30,2,HR,99785,51,4,1.552501172560989,Medium
36,12,Sales,64518,72,1,4.436447030587666,Low
36,3,IT,83909,96,6,3.000233036764347,Medium
47,3,Sales,48351,80,4,3.699572812216619,Medium
31,1,Sales,99624,42,1,1.9562655363001187,Low
49,8,HR,83330,40,1,4.0321616840448655,Low
34,8,HR,45282,45,1,4.040022179848394,Low
40,11,HR,114866,73,8,2.2503920996332005,Medium
28,9,HR,51778,17,8,2.6427305320411314,Medium
38,5,IT,54264,91,2,1.8387611097208034,Low
41,14,IT,89675,62,7,4.906244093291617,High
25,3,HR,35075,54,8,3.5824103082336465,Medium
26,5,IT,105948,34,8,4.738175522862062,High
44,5,HR,78454,66,7,2.2135421745165327,Medium
28,19,Sales,58365,29,5,4.127563651987559,Medium
34,14,Sales,102766,31,1,4.0634345755389685,Low
36,4,Sales,78200,55,9,3.766622607466166,Medium
32,13,HR,41002,82,7,4.862555901067202,High
25,10,Sales,43947,61,2,2.574221344425262,Low
34,18,IT,109222,51,6,1.5228692943590292,Medium
28,8,Sales,108610,43,2,3.686835436976243,Low
48,8,Sales,82142,20,1,3.9172392019088247,Low
40,7,Sales,86307,26,7,3.3002422938352587,Medium
43,8,IT,34493,89,2,1.827271572533585,Low
49,14,HR,80085,58,2,3.0178237666774215,Low
23,19,IT,64228,25,5,2.2487589462765176,Medium
31,6,HR,109676,76,5,2.7098661126667563,Medium
34,1,HR,81875,20,7,3.5808743033786556,Medium
46,15,Sales,61655,63,1,3.980858970763338,Low
42,1,HR,73472,35,8,1.9288987636053725,Medium
27,17,IT,79437,46,3,2.6213014425878134,Low
49,1,IT,79416,78,4,2.0766462839665167,Medium
49,15,HR,89711,36,9,1.7945264554474765,Medium
33,2,Sales,36816,63,4,4.133548879983353,Medium
33,14,Sales,107175,38,5,4.637010777747969,Medium
41,8,IT,94307,13,7,2.480928742738307,Medium
32,8,Sales,76733,85,4,4.005115697495068,Medium
47,19,HR,41240,15,1,4.587981157457644,Low
44,7,HR,101363,14,9,4.384496842120926,High
49,19,IT,62762,90,4,1.7312535541569036,Medium
46,6,HR,38259,21,9,4.825167526053445,High
28,6,IT,80139,72,6,2.50670576171785,Medium
22,3,HR,44849,52,1,2.3569626446953453,Low
22,7,IT,111768,56,3,1.2497253091111213,Low
46,19,Sales,119709,29,2,2.944694616419532,Low
48,8,HR,84869,25,9,1.4360544625637148,Medium
46,10,HR,93095,69,1,1.994159283709704,Low
41,15,IT,100910,67,9,2.2677704870691255,Medium
34,15,IT,116710,93,9,4.235305293966736,High
30,1,HR,53567,55,8,4.501954601583586,High
24,7,IT,65292,40,8,2.2098652698458787,Medium
28,4,HR,104813,85,1,4.434792484978296,Low
27,6,Sales,81631,92,8,4.428923749479164,High
29,1,IT,39885,70,3,4.058603801539494,Low
48,5,HR,89659,19,7,1.5867804560607262,Medium
30,1,Sales,84306,43,1,3.761291387602916,Low
26,4,Sales,96314,74,1,4.780096258322275,Low
22,2,HR,95087,5,5,3.7301619150686283,Medium
40,10,IT,59165,27,5,2.326467396431336,Medium
31,5,HR,88929,43,8,3.002317269723325,Medium
33,10,Sales,97028,61,7,3.5829001734042145,Medium
45,1,HR,79812,85,8,3.0422816349140143,Medium
36,6,IT,80500,38,6,1.4798117669238793,Medium
48,13,Sales,109151,45,6,2.2482561786080826,Medium
43,15,HR,88643,97,2,4.20958412221453,Low
45,4,IT,74900,77,6,4.44567218438207,Medium
30,13,Sales,72946,17,5,1.549200130862281,Medium
41,15,IT,37851,74,3,4.8095470095948984,Low
38,8,Sales,46288,10,6,2.3152904713944373,Medium
38,5,HR,102692,88,8,3.64925495492288,Medium
47,15,IT,97580,56,9,4.007300583826725,High
41,4,Sales,37368,7,1,4.247784938551534,Low
33,12,IT,115436,85,3,4.78299880890372,Low
28,13,IT,76403,67,3,2.2516781921152904,Low
23,2,HR,39168,53,8,4.4340258182062176,High
24,19,IT,116497,80,1,1.5267476137448281,Low
38,19,Sales,79879,51,5,3.820163625414371,Medium
26,4,Sales,89871,59,3,3.9679109180559435,Low
38,4,Sales,119388,68,2,3.7108929648052817,Low
45,11,Sales,62174,69,8,2.009258944540612,Medium
38,5,HR,36581,85,3,4.492172588060813,Low
48,11,IT,101853,71,7,1.67543385348158,Medium
38,10,HR,94046,94,1,1.2145391660833234,Low
23,8,IT,79678,19,6,3.8698599624476486,Medium
23,6,IT,56649,36,3,2.9019028609309347,Low
49,6,IT,118668,72,8,4.396392079834705,High
43,8,HR,112325,22,6,2.533588564233036,Medium
44,15,IT,44567,87,2,1.6731143540308513,Low
26,14,HR,110404,47,6,4.345768769879479,Medium
22,11,Sales,119906,39,7,3.1956385265602867,Medium
22,12,Sales,91944,82,5,1.7567831695614196,Medium
40,13,IT,108002,62,3,3.881535994345783,Low
23,8,HR,58803,37,4,3.044454553958002,Medium
42,18,Sales,48230,18,4,3.4172519289612793,Medium
33,1,HR,47862,38,6,2.8435933528263275,Medium
47,15,HR,73355,65,1,4.314835935272026,Low
27,8,IT,61259,8,4,4.318250862732199,Medium
44,11,Sales,117445,92,4,3.837555287297545,Medium
25,12,IT,60795,63,1,1.421605509585849,Low
44,12,IT,38770,33,9,4.355415447616275,High
32,4,Sales,41093,87,4,3.6840519221316392,Medium
45,16,Sales,76571,10,7,3.788096664017198,Medium
48,4,HR,30193,53,3,2.4519313616154865,Low
38,5,Sales,47569,44,3,4.517118224628026,Low
27,5,HR,41190,87,8,3.90148640093943,Medium
45,8,HR,92824,69,8,1.4503618661167779,Medium
26,10,HR,72752,73,1,2.6311121376246507,Low
41,17,Sales,62327,31,2,4.545521447840567,Low
23,9,IT,72070,84,8,1.188786806789516,Medium
27,19,HR,115925,10,1,4.845666478568198,Low
43,14,IT,70197,17,8,3.716650273278251,Medium
32,8,IT,32261,68,8,3.5255039105735064,Medium
37,9,Sales,56512,66,2,2.0822370259519656,Low
37,11,IT,36716,23,4,1.9951671549567083,Medium
22,1,IT,116795,80,6,4.768232877954382,Medium
30,14,Sales,58933,84,9,2.193089816936491,Medium
49,5,HR,34378,47,8,4.102021186875998,High
48,14,IT,70583,78,8,2.5724871928283166,Medium
27,4,Sales,115371,93,7,1.557016283138816,Medium
37,1,IT,59033,24,9,1.0428611907814358,Medium
24,19,IT,54000,99,2,3.1770293480610032,Low
41,8,HR,105868,72,3,4.903115274195731,Low
49,15,IT,72604,48,8,2.476544775236818,Medium
48,15,Sales,98336,27,6,2.4287693359721794,Medium
25,9,IT,103869,6,9,2.3763664713977684,Medium
40,9,HR,35410,26,4,3.0821753492194337,Medium
47,10,HR,113375,61,8,2.762659533697174,Medium
24,9,Sales,86044,76,3,4.519658506908058,Low
40,3,HR,93315,11,3,3.022083166893961,Low
41,11,IT,101344,82,8,3.031031352754275,Medium
28,6,HR,36796,60,5,1.5534863788822264,Medium
41,2,Sales,116716,71,3,4.930958163641543,Low
30,7,HR,84245,20,1,1.9998915634753187,Low
22,18,HR,73056,87,3,1.2934562698384107,Low
29,2,HR,47709,55,9,3.652584995900835,Medium
28,17,Sales,88557,86,5,3.3814654806274906,Medium
39,11,HR,47543,84,2,2.660582615970983,Low
29,12,HR,67418,76,7,2.6887689355227122,Medium
22,19,IT,46724,16,2,4.140255684185725,Low
32,7,Sales,33828,57,4,1.7828505603985962,Medium
49,6,HR,47087,79,7,4.281013275779559,High
46,1,Sales,42605,9,4,3.5949884555800726,Medium
46,17,HR,61337,31,7,2.6758790951180975,Medium
39,11,HR,35482,16,7,2.8321144663354745,Medium
44,18,HR,95333,21,1,2.026588828744383,Low
31,17,IT,118296,10,6,4.008457330787899,Medium
24,7,IT,80952,9,9,3.051498969221071,Medium
28,17,IT,35463,61,2,2.2834181709993744,Low
49,9,Sales,100448,32,3,3.384200463043801,Low
37,17,Sales,34648,82,5,4.982937808205293,Medium
47,8,IT,63623,73,9,2.7410491186262154,Medium
37,17,Sales,89156,63,4,4.682765603114478,Medium
46,7,HR,65634,37,1,2.3800673596982644,Low
41,1,HR,74602,66,4,1.2189308276999435,Medium
49,13,HR,79334,54,6,1.8169684254737155,Medium
38,19,IT,98648,23,5,2.674780573310737,Medium
23,19,Sales,52054,90,1,1.878539714378276,Low
22,17,IT,100028,73,4,1.0009081528730221,Medium
37,13,Sales,52207,70,6,4.6600061509901085,Medium
33,16,HR,110650,98,4,4.3755176449237165,Medium
26,8,IT,111554,51,9,3.9691689259477885,Medium
26,19,Sales,51386,43,5,1.6712583825841145,Medium
48,18,Sales,113276,72,8,1.4814543048399442,Medium
44,1,HR,89518,37,9,1.2704189978895326,Medium
30,14,IT,82781,17,5,3.896116755091685,Medium
30,19,IT,82780,88,6,4.715231842751541,Medium
24,15,IT,91440,58,1,2.722143283652148,Low
40,18,HR,74199,11,7,1.4765626879841927,Medium
37,2,IT,91035,83,4,3.0495712829284263,Medium
37,17,HR,38210,91,2,2.3953276298345205,Low
24,18,HR,74363,18,5,2.499299697399991,Medium
41,6,HR,108279,91,3,3.485322496622829,Low
45,19,Sales,90348,23,6,3.8748724530488095,Medium
43,4,IT,85284,58,8,1.4424143954926434,Medium
45,1,IT,102124,97,7,1.1423609232259055,Medium
22,8,HR,98847,24,3,4.9773212107428595,Low
45,7,HR,52432,33,8,1.9309133956622073,Medium
41,3,IT,94089,28,2,1.2153220996338363,Low
32,10,HR,85398,86,9,1.75950131638368,Medium
38,10,IT,33321,67,4,1.1558313853938569,Medium
29,19,Sales,111348,78,1,2.5672435784686867,Low
25,14,HR,67383,61,8,4.209607137805297,High
27,2,IT,108682,12,7,2.3649777990308825,Medium
29,1,HR,109190,94,5,2.776733627513466,Medium
41,18,IT,82893,66,5,3.702347094269755,Medium
24,7,IT,65820,33,7,3.0355762802795208,Medium
37,8,HR,96262,78,5,4.445782744085297,Medium
46,1,Sales,33760,21,8,4.464142700183026,High
24,3,IT,52190,70,6,1.0396427819646146,Medium
46,8,IT,97411,10,5,4.112185225932796,Medium
39,15,IT,53377,62,9,2.8429344009666955,Medium
35,5,Sales,76737,73,2,4.955362165214652,Low
39,3,Sales,99569,32,1,2.9329283035017406,Low
23,19,HR,68211,66,8,4.94758378155319,High
43,1,Sales,112909,45,3,4.018277444822946,Low
24,15,HR,33744,73,7,1.9944195384532253,Medium
37,8,HR,54995,86,8,3.1535799171478307,Medium
30,2,Sales,46977,94,6,4.968542557914331,Medium
25,3,HR,64542,88,9,4.430122431007694,High
22,14,Sales,40651,45,7,1.3894675751648844,Medium
25,14,HR,108931,53,5,3.8254879872399843,Medium
22,11,Sales,46715,95,8,2.382318343483252,Medium
35,16,Sales,74409,53,2,1.0279290475213925,Low
42,4,HR,54306,80,7,2.6139238761079984,Medium
37,5,IT,49086,75,4,1.9390176868998852,Medium
41,14,HR,44376,7,9,4.275477082081887,High
45,16,Sales,91350,14,1,2.349322435383062,Low
29,18,IT,101425,93,7,4.310094775815268,High
28,7,HR,66636,39,6,1.0023917553391812,Medium
24,10,HR,116120,84,8,2.2312766001044766,Medium
38,7,HR,81649,6,5,1.9646608572310478,Medium
22,1,IT,64610,28,1,1.934269444274444,Low
37,19,Sales,40058,78,1,1.2727464790618508,Low
33,16,HR,104637,42,9,1.748497081642007,Medium
48,19,HR,108033,26,6,3.2221982795424795,Medium
40,4,HR,100194,30,5,2.165444291350978,Medium
43,18,HR,106917,47,1,2.669579129316592,Low
44,2,HR,94200,59,6,2.507467521388754,Medium
43,1,Sales,76619,43,6,4.503619699999579,Medium
35,15,Sales,47154,95,3,4.621195996042061,Low
27,5,HR,49539,33,8,2.97182788662344,Medium
27,11,IT,90058,24,1,2.3206238012624176,Low
34,10,Sales,92068,95,1,1.4272028160094545,Low
40,2,IT,107313,45,6,4.81361151752838,Medium
43,3,Sales,60373,58,1,1.2409077796011898,Low
29,12,HR,63154,24,6,2.1906011102731218,Medium
48,5,Sales,36031,23,1,2.1922648046800166,Low
48,5,HR,101975,88,6,2.2816051445608596,Medium
23,6,Sales,52785,70,3,1.657147373089637,Low
42,9,HR,108928,34,8,4.132645723694789,High
22,2,HR,58669,57,6,1.4899914478639569,Medium
49,12,HR,32282,38,1,3.539626636612651,Low
36,3,HR,64624,26,5,1.4953841068232698,Medium
22,12,IT,78438,71,8,1.2821425503718262,Medium
26,17,HR,119900,10,3,4.6377180147435055,Low
49,10,IT,97534,83,6,1.7605150652748227,Medium
37,14,IT,61705,31,5,4.285000618238817,Medium
40,17,HR,68244,14,6,3.1785234844285433,Medium
25,18,IT,104964,77,1,1.3114260784350784,Low
24,19,Sales,67437,52,7,4.82179276575227,High
38,17,HR,107872,74,9,1.98784466796757,Medium
38,14,IT,104878,63,2,4.438581381410426,Low
33,9,HR,102982,63,5,1.6752400231382567,Medium
49,8,HR,80583,6,4,4.4157715285674115,Medium
35,2,HR,68392,33,6,1.052915251621176,Medium
42,13,IT,37461,72,6,3.0471218262779227,Medium
27,7,Sales,40516,69,2,4.077770317686227,Low
24,9,Sales,109285,87,2,4.739182069971133,Low
49,11,IT,47514,30,4,4.636808544825948,Medium
30,14,HR,66268,93,1,4.27849947819058,Low
26,4,IT,66788,14,9,4.552765398645216,High
45,13,IT,105749,57,7,1.796878743348306,Medium
38,2,IT,91049,83,7,2.136737182846915,Medium
35,5,HR,92493,63,3,2.155874099684234,Low
42,11,IT,66027,26,3,2.5082157240067953,Low
24,6,HR,72849,55,1,2.573282681540755,Low
49,18,IT,47858,52,3,3.178221298618702,Low
22,10,Sales,114162,25,3,1.6395190534657655,Low
41,4,IT,109003,26,4,3.7649866551439573,Medium
42,9,IT,82395,34,4,1.670266157218026,Medium
44,6,Sales,69758,29,3,2.24123392841819,Low
22,2,HR,84312,32,8,3.013380522424616,Medium
24,17,HR,98670,69,8,4.185762246093909,High
39,5,IT,112279,49,1,3.957876932954909,Low
46,6,Sales,45434,72,7,3.582137425642089,Medium
31,12,HR,94047,11,2,1.6230930423206806,Low
43,10,IT,77775,53,1,3.188181382462311,Low
47,6,Sales,105769,13,3,1.3497860071995418,Low
24,8,HR,96677,40,4,2.509452707186603,Medium
29,2,HR,113555,87,6,2.6540661211598366,Medium
35,12,Sales,115920,5,5,1.1592457577830153,Medium
45,13,Sales,75734,14,4,2.0959523978798873,Medium
39,7,Sales,118503,40,8,4.822597869065957,High
36,10,Sales,70603,77,4,4.814530431318758,Medium
43,13,IT,106708,50,2,2.409308217010157,Low
44,17,Sales,111926,36,3,1.1724004357932962,Low
23,14,HR,98803,36,6,1.7163797573127262,Medium
48,2,HR,69332,10,8,2.5688711737341605,Medium
31,11,IT,51312,52,8,4.791118791876919,High
23,1,HR,114526,42,9,1.5647962541487397,Medium
47,19,HR,74179,21,7,4.0540633746728485,High
38,4,Sales,101442,78,2,1.4347301574987683,Low
29,19,HR,70379,31,8,4.925030309565107,High
22,11,IT,47297,58,7,2.52646599643654,Medium
30,8,Sales,32011,54,8,4.100938155596224,High
32,11,Sales,74014,39,3,2.3703643312445273,Low
43,4,IT,41738,89,7,3.510675508635235,Medium
37,17,Sales,77498,29,9,1.768064338960147,Medium
28,7,Sales,41120,32,3,1.5840840771878502,Low
31,8,IT,38767,19,6,4.752256558272525,Medium
44,3,Sales,52852,8,2,4.670589111617733,Low
47,2,IT,109239,97,2,4.5498757608515294,Low
24,15,IT,30929,77,5,3.501733800666374,Medium
39,5,HR,107487,31,5,4.233072844865113,Medium
46,1,HR,47438,30,7,1.2761477476454997,Medium
45,4,Sales,78515,23,2,2.3391561675627166,Low
34,15,Sales,35744,96,7,2.254812499028625,Medium
49,19,IT,113820,21,5,3.542581287810453,Medium
47,3,Sales,72417,47,6,2.423831093882562,Medium
28,11,IT,37069,45,8,1.5940271265747232,Medium
46,17,IT,72359,46,4,3.385868301654175,Medium
25,13,Sales,49799,54,7,4.257535682676326,High
34,11,IT,100188,88,6,2.5284939778398927,Medium
41,2,HR,119859,44,2,1.5290748603939268,Low
22,9,Sales,37597,43,8,1.7867527892512922,Medium
29,2,HR,77093,27,9,1.949933220677536,Medium
35,9,Sales,67226,56,5,2.199590371978145,Medium
37,9,IT,102127,51,4,3.5711802820252365,Medium
35,8,Sales,107362,67,6,3.403781938150876,Medium
33,17,HR,56417,73,8,3.7843194462681566,Medium
40,1,IT,48693,47,3,2.4500079381260527,Low
44,11,Sales,109674,52,1,4.295990607519913,Low
36,8,Sales,83161,38,4,1.816350644623041,Medium
49,10,Sales,32169,44,4,2.8761629900726158,Medium
23,7,HR,114092,79,1,4.203754886165721,Low
23,3,HR,52052,65,9,1.720634590930477,Medium
44,3,Sales,101849,54,3,1.4394524549631318,Low
43,18,IT,103851,71,5,4.534735870751959,Medium
40,5,IT,38036,66,6,2.3717186510367836,Medium
46,12,HR,61778,62,8,3.735480499636128,Medium
47,12,IT,57734,37,6,1.101394417055754,Medium
43,19,HR,53173,79,3,3.7601875536377984,Low
47,6,Sales,60403,20,6,2.264405246187882,Medium
47,2,HR,96321,86,1,1.222963414349767,Low
43,12,HR,101675,98,4,3.439251046192468,Medium
38,19,Sales,36344,52,6,1.963215264292693,Medium
41,5,IT,48800,14,7,2.54722896820752,Medium
31,12,HR,55372,86,3,1.3223232491460544,Low
27,17,HR,91516,42,9,1.5886530043797813,Medium
36,17,Sales,50538,23,7,2.191908941983375,Medium
43,10,IT,93918,40,1,1.3590380022406285,Low
32,17,HR,44973,63,2,4.643305058745261,Low
49,15,Sales,101155,67,1,1.0241881727359137,Low
26,12,HR,89500,81,9,2.9354408754572456,Medium
22,16,Sales,66575,50,9,1.4929898325302058,Medium
29,19,IT,72261,7,7,2.230716357911794,Medium
42,8,IT,57716,78,3,4.704238239273062,Low
49,17,IT,33236,69,5,1.6467782130959474,Medium
33,5,IT,45848,95,4,4.86332927887333,Medium
33,16,HR,32352,12,7,1.8231775079576868,Medium
26,6,HR,31932,55,9,3.9662644338673183,Medium
28,8,IT,106449,85,2,3.186709059589247,Low
25,18,IT,38556,77,8,4.537914910387037,High
27,12,IT,116836,10,9,3.2159730220125238,Medium
34,15,HR,35498,93,9,3.1382368766252347,Medium
41,9,IT,106118,43,7,1.7818320014735995,Medium
36,13,IT,80098,64,9,1.664917448206635,Medium
24,15,IT,94386,32,9,4.665956604462057,High
44,10,Sales,39569,58,3,2.3113527954001363,Low
29,16,IT,86882,41,4,2.4883290198515837,Medium
41,7,Sales,100393,13,2,4.039294633713554,Low
37,17,Sales,30340,86,3,2.3552939296912294,Low
34,7,IT,73949,60,5,4.808249786556011,Medium
39,14,Sales,112302,63,5,3.951711075995201,Medium
49,15,IT,92443,89,6,3.38971697029368,Medium
31,7,HR,104027,6,7,4.5235806421790095,High
40,9,HR,30138,65,7,1.198423633397931,Medium
38,19,HR,30358,62,1,2.028250768756835,Low
45,16,HR,105250,64,2,2.86014533688364,Low
40,8,Sales,115376,44,9,1.907914157886084,Medium
49,18,IT,60654,40,2,3.9756207492086078,Low
47,18,IT,55879,41,6,4.676832124214901,Medium
44,7,IT,111532,83,1,2.6950804797236936,Low
47,3,HR,85778,96,3,2.36853040044758,Low
26,18,HR,67772,22,2,4.846202928550265,Low
47,10,IT,88478,67,3,2.7794097313101633,Low
42,7,HR,94353,26,5,2.956193601797133,Medium
44,17,IT,56762,15,6,2.4065994893676215,Medium
30,14,IT,43283,62,9,4.6381938920485535,High
33,3,IT,93922,61,4,3.275821933127403,Medium
42,12,IT,69420,81,7,4.048698348726578,High
22,13,IT,85568,8,6,4.247226873403545,Medium
47,2,IT,115090,90,2,2.3673961676690327,Low
47,3,IT,50219,11,8,2.73477732528152,Medium
22,5,HR,87169,65,7,4.393887097625059,High
36,11,IT,104965,58,7,2.453021406703241,Medium
23,8,IT,76840,92,8,4.175740533807405,High
43,12,HR,74695,72,1,4.763969290297748,Low
37,7,HR,114754,96,1,3.492841492272028,Low
46,15,HR,107988,83,8,3.9665091498075555,Medium
29,17,IT,88342,5,4,4.2203892481645395,Medium
34,4,Sales,48951,59,5,4.38015859558657,Medium
42,13,Sales,31307,7,8,2.580213351427184,Medium
22,18,HR,110388,82,5,1.2050538367039927,Medium
37,1,Sales,65428,42,4,2.607505084946958,Medium
28,16,HR,105774,5,6,3.695024919136359,Medium
26,13,IT,68975,42,5,2.801401543123171,Medium
43,10,Sales,31140,89,7,3.995852603441594,Medium
44,12,IT,54842,33,7,2.4279297178746555,Medium
24,2,Sales,56421,9,4,3.538976564416118,Medium
33,3,IT,31708,78,5,1.7456792194158983,Medium
47,10,Sales,33630,96,3,3.9974777465798277,Low
37,2,IT,49595,25,4,3.1827838752521034,Medium
40,13,IT,106021,75,4,1.8162575541864023,Medium
26,13,Sales,58308,71,3,2.167644693991229,Low
43,18,IT,74789,51,5,3.9944348343273295,Medium
46,3,IT,85690,88,5,2.9304049426460828,Medium
35,7,IT,56086,87,7,1.8641257615722888,Medium
49,14,Sales,46859,39,4,4.86908476148119,Medium
26,17,Sales,37684,72,4,3.8605000792675517,Medium
36,12,IT,31207,73,9,4.828539330159185,High
38,16,IT,76099,5,6,2.708420181441373,Medium
35,12,Sales,97496,72,4,2.900401362766882,Medium
41,15,Sales,96093,16,2,4.591820864740077,Low
26,10,IT,59689,64,6,3.1001973609815385,Medium
33,7,IT,78651,31,2,3.8291156476226687,Low
37,5,IT,43893,60,5,2.00869150998212,Medium
47,1,HR,96418,27,6,2.786905874810562,Medium
47,17,Sales,90011,29,4,1.4937994632414204,Medium
37,3,HR,68635,25,3,1.8239201435078467,Low
42,13,Sales,86115,65,7,1.0037736610705243,Medium
28,14,Sales,108405,67,2,1.157060206594641,Low
25,18,Sales,102702,56,6,4.909135292707717,Medium
22,4,Sales,108518,92,4,1.9694147805470492,Medium
26,18,Sales,102805,29,6,3.653242838016008,Medium
44,5,Sales,88954,59,4,4.356398795198446,Medium
47,16,Sales,58064,50,4,3.202641836946257,Medium
31,1,HR,109063,36,4,1.6125780003358248,Medium
43,14,IT,32454,59,9,3.9124657493446655,Medium
26,15,IT,50878,9,7,3.401005640398332,Medium
25,9,HR,81098,40,3,3.9250023573895003,Low
23,15,HR,92154,53,3,4.078986491428349,Low
41,17,HR,42991,62,6,4.90164147073898,Medium
31,4,HR,98344,43,6,3.29425312010684,Medium
47,12,Sales,66593,84,4,2.3665644507624073,Medium
40,5,IT,66304,89,9,3.5938582276009483,Medium
47,5,Sales,60386,65,4,1.2737628369705045,Medium
22,11,IT,85220,13,9,4.589589273286345,High
45,6,IT,99338,10,4,1.4775240453527871,Medium
26,7,HR,51083,39,2,2.311371351543273,Low
34,14,Sales,48354,43,2,4.262981522504484,Low
25,11,HR,52190,26,5,3.3892495133228473,Medium
37,13,Sales,36142,45,4,2.5745420811097683,Medium
45,2,IT,58398,9,7,2.8937426375000856,Medium
37,7,HR,81971,46,5,4.418189572808721,Medium
44,4,HR,71862,91,6,2.3600175442395686,Medium
23,8,IT,83410,85,4,4.478598739248685,Medium
38,19,IT,49503,80,2,1.352537723906766,Low
49,13,IT,78456,91,9,4.107193748834523,High
48,14,HR,112035,84,7,4.390190532218945,High
41,10,Sales,38016,71,4,1.727270611349355,Medium
45,11,HR,32384,34,3,2.7213861294888018,Low
33,2,Sales,92320,61,3,1.6619990986546225,Low
39,9,HR,45072,90,9,3.826416515976871,Medium
24,17,HR,110018,77,5,3.141391072246627,Medium
49,3,IT,70510,33,3,3.541293386833284,Low
22,6,Sales,78933,41,5,1.7859478678248446,Medium
22,5,HR,51826,91,2,1.846983448209678,Low
40,5,HR,98026,17,4,1.1659893020396255,Medium
32,15,IT,55518,36,2,2.288270140782919,Low
26,17,IT,54045,50,2,3.2389786453347,Low
33,9,Sales,80876,27,8,4.431739655989315,High
24,3,HR,81919,49,1,3.667709789834723,Low
22,17,Sales,57103,21,7,2.7415852935990057,Medium
22,10,HR,66188,89,5,4.812480457576552,Medium
29,3,Sales,35845,70,8,3.8769808023033274,Medium
31,18,IT,116698,10,1,4.7206608114502,Low
32,18,HR,66674,22,7,3.1103518930886627,Medium
33,17,Sales,49337,98,5,2.0356170991725584,Medium
34,3,IT,52313,26,4,1.211306745458888,Medium
33,3,IT,56943,37,7,3.904339405935402,Medium
35,6,Sales,107949,34,2,1.4852119920221365,Low
23,13,HR,30276,85,1,2.2111005130878687,Low
40,15,HR,81151,36,1,3.1298836315355896,Low
39,9,IT,47611,46,1,3.2576663511189907,Low
24,4,HR,41944,82,5,3.402332787948544,Medium
44,14,HR,82887,14,7,1.6650213213988025,Medium
38,5,HR,111442,40,2,2.518949619286595,Low
47,2,IT,79847,38,8,3.468776908467867,Medium
29,11,Sales,88653,77,4,4.8792754585351386,Medium
47,9,HR,116072,32,3,3.9105245507987547,Low
31,3,IT,86622,15,8,4.690415028375831,High
47,9,IT,57810,82,2,4.048848233256708,Low
23,3,Sales,107842,43,3,3.3668678755696018,Low
40,2,HR,40503,51,3,1.7680934765453782,Low
30,12,HR,114761,23,1,3.666742607570052,Low
28,10,Sales,66976,19,6,3.4935182638396283,Medium
25,9,Sales,41590,32,2,3.409876681829066,Low
47,15,IT,40886,28,1,2.959143471952963,Low
42,8,IT,42866,76,2,3.1146264159571024,Low
39,5,Sales,96624,13,6,2.3377701084724163,Medium
34,11,HR,98899,51,4,3.0772507705692127,Medium
32,2,IT,62792,37,6,1.790223622713913,Medium
45,15,IT,39764,66,9,4.220697589441507,High
25,6,HR,116156,23,8,1.7431078187948312,Medium
46,8,IT,72727,71,1,1.3398651595578657,Low
42,5,HR,108471,78,8,2.7449841054286295,Medium
46,16,HR,38068,44,9,3.6332297580242474,Medium
25,18,HR,37295,51,6,2.7508672997341654,Medium
31,6,Sales,71160,69,5,2.1070165278052344,Medium
26,5,Sales,41390,33,6,3.232684735561763,Medium
30,16,Sales,50131,54,6,2.3880093416487997,Medium
45,13,HR,105969,17,9,4.731470760506532,High
24,5,HR,45038,5,4,4.690580558414288,Medium
38,13,Sales,82327,38,2,3.009487279888382,Low
24,17,IT,107064,97,9,2.311535976073034,Medium
37,18,HR,51281,52,2,3.9485296558265564,Low
25,8,IT,84189,81,9,1.1468517739322666,Medium
39,13,IT,78511,52,2,2.899076024174605,Low
38,19,HR,38605,53,8,2.345293577081334,Medium
28,3,HR,31381,68,9,4.682143540410219,High
45,8,IT,96634,65,9,1.0480121090907302,Medium
44,2,IT,49810,33,9,3.2112595028733963,Medium
26,8,Sales,54322,43,2,3.962654324266504,Low
33,13,Sales,71869,92,4,2.940071950096165,Medium
38,13,HR,62955,30,7,1.3416121206508866,Medium
44,1,Sales,91388,21,2,4.889845560111609,Low
34,6,Sales,40207,75,1,3.0720417255043917,Low
44,19,Sales,117329,17,3,3.4567449772760455,Low
46,16,Sales,97628,73,4,1.9464391308300293,Medium
24,8,IT,58220,30,8,2.9339923404272152,Medium
30,1,HR,114050,53,6,2.7165979678332874,Medium
38,16,Sales,104085,71,2,1.299583368007935,Low
38,9,IT,52031,11,9,1.424641414189869,Medium
41,13,IT,100721,62,2,4.349890078475099,Low
37,11,IT,110807,53,5,1.959279808826361,Medium
46,13,Sales,101312,57,4,1.7798330859945222,Medium
43,10,Sales,89766,69,7,3.019645805000557,Medium
34,4,HR,42449,66,8,4.074988525450052,High
48,6,Sales,119833,21,5,1.2477860743159517,Medium
40,7,Sales,86699,47,5,3.3072316785530234,Medium
38,5,IT,111253,29,2,1.4768417713622934,Low
25,11,HR,76092,7,8,1.1458442033024738,Medium
33,13,Sales,93671,83,2,1.2109758086488696,Low
30,19,Sales,40350,33,6,4.336656432833765,Medium
40,10,IT,98487,36,8,1.4718899345122463,Medium
33,10,IT,47622,30,6,1.1806054576491678,Medium
30,11,Sales,100263,20,4,2.751599548571649,Medium
28,7,HR,83117,29,4,4.375973887768099,Medium
49,18,HR,88394,58,6,2.0496335059572077,Medium
35,4,IT,53782,32,4,2.6868504701036655,Medium
41,2,IT,58454,77,8,1.159690130255005,Medium
40,14,Sales,97904,60,9,2.7963140565395035,Medium
47,13,IT,45592,69,1,3.3104523225485347,Low
36,12,Sales,52173,97,4,3.283628215008579,Medium
37,7,HR,63204,90,4,2.3297067686974606,Medium
42,2,HR,65596,84,2,2.262132722652542,Low
26,13,Sales,64324,45,6,1.4264944757463915,Medium
24,14,IT,91202,55,3,2.4671932825850735,Low
33,17,HR,119400,75,7,1.3979786754918586,Medium
46,9,IT,60750,82,5,4.0663837788482065,Medium
41,17,HR,106112,33,4,4.865097190992744,Medium
48,8,Sales,46566,87,5,4.880297826666828,Medium
42,2,Sales,37190,23,8,4.460284397501575,High
25,13,Sales,118607,70,3,3.4031685973584764,Low
42,3,HR,68333,45,7,3.8034627889755197,Medium
44,16,IT,110905,49,6,2.1408232107216563,Medium
37,6,IT,119571,19,1,3.5230816806904826,Low
46,19,IT,31589,7,7,2.82259819775951,Medium
28,7,HR,55235,15,7,2.92806935910773,Medium
34,10,HR,30159,57,1,4.031106241500632,Low
42,9,HR,42145,50,9,2.1276734223890066,Medium
31,2,HR,110909,34,6,2.2721584467780795,Medium
47,15,HR,61921,61,2,4.698567164514547,Low
28,5,IT,46237,22,5,1.224897179403889,Medium
35,4,HR,38244,55,4,2.9425371936533615,Medium
47,4,HR,44743,52,7,4.651203201631446,High
26,18,IT,76101,70,8,3.441452031272628,Medium
24,4,HR,114227,12,1,3.1856282968485283,Low
44,17,IT,86378,26,5,1.9989767169174208,Medium
32,12,IT,101126,10,3,2.373101956257793,Low
32,17,Sales,86071,80,1,4.408193663218771,Low
39,10,Sales,101121,61,3,3.2368725270738326,Low
36,1,Sales,104763,40,6,3.0589687750271195,Medium
33,18,Sales,42237,83,7,1.3983188541601157,Medium
30,18,HR,45649,96,8,1.0641126258204925,Medium
31,14,Sales,67713,61,4,4.854740754748196,Medium
47,15,IT,103463,53,3,2.5079446691473666,Low
33,12,HR,75409,49,5,3.4128522483980173,Medium
38,4,Sales,78766,86,9,1.31886029274914,Medium
27,3,IT,76154,70,6,3.732457142892186,Medium
28,12,HR,37016,81,9,4.730266834823844,High
35,7,HR,109563,49,6,3.3026610119896787,Medium
34,11,Sales,78688,83,2,1.5044612895016423,Low
29,1,HR,119678,24,5,3.326886109893907,Medium
31,6,IT,84238,68,9,4.065388852418609,High
30,15,HR,88608,97,8,2.6256661462960746,Medium
39,15,IT,119081,97,7,4.519350991765871,High
48,19,HR,61897,71,1,3.594731813429458,Low
47,11,Sales,80961,87,4,4.59699567315681,Medium
23,2,IT,98703,7,7,3.494021244989349,Medium
26,14,HR,74757,58,7,1.525151888019297,Medium
26,2,HR,56917,82,6,2.2387668444207565,Medium
27,4,HR,52736,68,8,1.8071797930098277,Medium
40,17,IT,57990,44,6,4.635305990867449,Medium
29,3,IT,92551,63,3,4.041600269149931,Low
37,13,IT,88161,59,4,3.705593475640024,Medium
34,9,Sales,109623,66,3,2.2038652785264867,Low
22,7,Sales,52440,8,1,1.736179088200854,Low
43,15,IT,65205,64,5,4.025804351955648,Medium
41,11,HR,110811,79,1,2.8966317835163187,Low
38,2,Sales,85103,99,1,1.9031582086025165,Low
28,15,IT,100812,95,2,3.4664879126611003,Low
46,14,HR,71627,34,4,1.161335408553808,Medium
34,11,Sales,49008,6,6,2.304681016513014,Medium
25,3,HR,101274,66,8,2.8742279783645386,Medium
25,17,HR,62402,53,3,1.5918333364376234,Low
27,12,HR,83384,13,1,4.938617910363359,Low
49,15,HR,35793,96,3,1.836389458358457,Low
40,16,Sales,35571,35,3,1.5214125201730622,Low
33,5,Sales,46209,65,5,1.8141394955475856,Medium
43,6,Sales,73148,83,4,4.076244532638897,Medium
28,19,IT,32224,52,4,2.7020226370873712,Medium
48,5,Sales,78695,29,9,3.261663759010152,Medium
31,3,HR,62441,40,7,1.084036627945443,Medium
47,1,Sales,69129,12,4,1.1377252342932582,Medium
40,6,HR,92368,77,3,2.7833021993080647,Low
28,15,IT,74760,62,6,4.2666209728064945,Medium
24,2,HR,53478,49,3,4.5409555148302605,Low
34,3,HR,101854,66,6,1.3468262703825609,Medium
34,17,HR,115716,43,9,3.153452408404091,Medium
39,12,IT,42180,62,6,4.652918745117082,Medium
49,18,Sales,45372,85,4,2.5518910175915455,Medium
47,15,Sales,59796,87,5,4.318263325713474,Medium
41,12,IT,88272,68,6,1.5347826175977448,Medium
49,16,HR,119963,48,3,4.741577958671195,Low
29,8,Sales,84040,33,8,4.00569327012521,High
30,14,IT,105357,63,4,4.765337571147606,Medium
28,17,Sales,101368,75,8,3.706468934210026,Medium
22,8,IT,108356,96,3,2.453615727997708,Low
24,15,HR,46211,13,7,4.75272469009889,High
34,14,Sales,35842,96,9,2.102267105236714,Medium
49,18,IT,93115,10,4,2.32869008824693,Medium
46,7,Sales,96852,33,8,3.8032336720069613,Medium
49,3,Sales,75968,62,3,4.061265198101545,Low
38,12,Sales,47508,21,7,4.717613935396615,High
46,3,Sales,52005,20,3,1.819209636224838,Low
45,14,IT,84575,91,7,4.191992140876896,High
22,15,HR,110742,99,6,3.9541842135878538,Medium
27,14,IT,48971,7,2,1.2551782250143915,Low
42,7,IT,55599,25,3,2.548892564840828,Low
27,17,IT,117592,68,6,2.1310618282403944,Medium
47,12,HR,96914,94,4,2.2179616974161216,Medium
33,4,Sales,97055,40,6,4.931787518218803,Medium
34,9,Sales,117697,90,1,3.5711096539197116,Low
34,6,Sales,35355,66,1,3.8707046311739983,Low
36,16,HR,84120,46,3,4.906470549260037,Low
42,2,Sales,104619,80,8,2.5088071298305548,Medium
37,8,HR,68342,46,8,4.207360673811223,High
43,11,Sales,115992,65,4,2.7381238532179815,Medium
42,13,Sales,108860,17,6,4.478134687259919,Medium
32,17,IT,32257,15,8,1.7226301652452127,Medium
49,8,HR,57364,58,7,4.790744708257119,High
26,18,IT,54972,20,7,1.8750868336435187,Medium
25,18,IT,56654,12,4,2.304882027923726,Medium
24,14,IT,110769,63,9,4.024768936427122,High
40,15,HR,111423,61,6,2.575020566261627,Medium
41,6,HR,59320,44,3,3.4328455070657866,Low
46,11,Sales,50808,63,5,2.778294004277714,Medium
39,13,IT,82389,6,5,3.9694797483591273,Medium
36,1,Sales,64773,98,5,1.9133250094744434,Medium
30,6,IT,81168,98,8,1.233831948947508,Medium
38,9,HR,57747,80,9,2.199717589892265,Medium
35,8,HR,106396,14,9,2.897234659473721,Medium
36,11,HR,113692,48,6,1.6720802087707143,Medium
22,19,IT,87505,15,6,2.4191891586255547,Medium
42,9,HR,115896,83,9,2.599932073174274,Medium
43,17,IT,48135,84,4,1.2295673747530942,Medium
43,12,Sales,77377,85,6,3.333228992736818,Medium
24,14,IT,53554,94,4,4.5373737118851505,Medium
37,15,Sales,92491,6,1,1.6069716518122097,Low
44,16,IT,85621,54,7,3.391232053606056,Medium
46,1,Sales,88283,16,6,3.658956819643385,Medium
32,10,HR,115140,94,9,2.6773387216771534,Medium
33,8,Sales,46923,27,7,3.80439034945708,Medium
31,18,HR,77591,22,7,2.642926173964048,Medium
37,1,HR,92261,66,2,3.0185491519097396,Low
29,2,Sales,84336,66,9,1.029412178217708,Medium
27,1,IT,104083,42,9,3.7668804565387553,Medium
33,1,IT,90948,71,6,3.6453707157788977,Medium
45,9,IT,63002,42,3,1.1536035093053782,Low
49,13,IT,110098,71,1,2.4730004295805323,Low
42,1,IT,103016,98,4,4.9161273631666695,Medium
29,13,HR,56672,65,3,2.682946250274467,Low
47,7,IT,34213,5,1,3.007781620527367,Low
49,2,HR,40293,98,3,4.639720632638874,Low
25,6,HR,85860,49,4,3.8690475034630256,Medium
47,7,HR,92507,32,8,3.3282805244968943,Medium
29,14,Sales,87134,25,9,4.1912187253642905,High
47,18,Sales,32100,17,3,4.457465065823893,Low
49,15,HR,91997,31,6,2.8275522869490675,Medium
39,2,Sales,58172,11,5,2.9004334597273416,Medium
49,10,IT,50132,26,6,2.544203742607343,Medium
49,12,IT,48199,78,4,4.866824560073843,Medium
26,17,HR,66609,57,6,3.7886650171614016,Medium
30,8,IT,72965,83,7,1.3328922648322892,Medium
25,11,HR,38016,83,9,4.451838493252074,High
48,3,HR,69779,8,7,2.9222397633450723,Medium
43,6,IT,61881,27,6,1.2750156256899499,Medium
38,9,Sales,112594,74,1,3.198869020653244,Low
30,6,IT,54472,92,2,2.6686571159028083,Low
22,9,IT,81813,88,1,4.5109976194504995,Low
42,7,HR,66021,88,9,1.8159784144375495,Medium
41,9,HR,84131,80,9,4.305858437968732,High
34,18,HR,54087,37,7,3.230754764741811,Medium
49,12,HR,42828,32,2,1.2184412128538762,Low
37,8,Sales,91610,12,6,4.8873812053019385,Medium
34,8,Sales,31401,5,4,3.0504609764127997,Medium
35,18,Sales,115179,41,1,2.16350741692633,Low
24,15,HR,45193,67,1,2.8776273679570323,Low
27,7,HR,74864,26,5,4.431431134069956,Medium
39,11,HR,50307,74,2,2.219612497540254,Low
40,16,Sales,49611,25,4,1.7707055859468013,Medium
26,4,HR,73791,39,1,1.5162849877235258,Low
36,6,IT,41950,83,4,2.191437593560845,Medium
46,3,IT,106240,9,6,4.120192348160174,Medium
23,9,HR,107403,64,4,2.8865054607810468,Medium
31,10,IT,32745,50,1,1.90992641477416,Low
45,14,IT,85243,54,7,1.6647399984389968,Medium
39,11,Sales,33866,52,2,2.3309179060415164,Low
48,18,HR,62245,10,9,4.759697491542836,High
34,12,HR,74724,93,3,2.3721068503600975,Low
26,12,Sales,101354,60,8,4.952496303818542,High
44,13,IT,81374,63,8,2.9409218230614247,Medium
45,13,IT,60116,33,3,1.7166556731606035,Low
22,19,HR,111029,75,4,4.564560367174037,Medium
43,19,IT,50447,81,2,2.8414214925393075,Low
22,14,Sales,60431,22,4,3.8386853740180977,Medium
39,4,Sales,47908,6,9,4.934846332836607,High
36,13,HR,59336,12,2,1.200701401279896,Low
38,8,Sales,70992,79,3,1.3867782391502685,Low
32,19,Sales,85350,58,4,3.8818269658510247,Medium
42,12,HR,99561,42,5,2.127300013181888,Medium
47,18,Sales,81955,52,1,1.7372055878003962,Low
46,6,Sales,91240,31,7,1.157447519278918,Medium
43,18,Sales,50093,24,7,1.0873868479448072,Medium
48,19,IT,36155,16,9,4.0979424124791635,High
48,5,HR,76607,47,4,1.5377337094782,Medium
38,9,HR,63487,65,6,2.8708824638846036,Medium
34,3,HR,85668,35,2,3.423587260717932,Low
22,10,IT,50963,95,4,2.713407202275385,Medium
23,19,IT,80124,65,2,1.1084266093449324,Low
30,3,HR,82870,78,5,4.134006010351635,Medium
24,15,IT,86547,71,7,1.042052898166614,Medium
22,1,HR,94110,95,1,4.0475595775099364,Low
42,7,IT,83554,39,7,4.573217975152491,High
37,12,Sales,50936,99,6,2.731359684228689,Medium
44,17,Sales,34426,19,6,3.142169892391193,Medium
27,5,HR,118839,20,8,2.907933570470615,Medium
49,4,IT,57606,17,8,2.5568344744937552,Medium
38,12,IT,77832,39,6,4.549698141481441,Medium
26,18,Sales,58151,79,3,4.5757340426799615,Low
26,17,Sales,109303,63,5,2.343265458566138,Medium
27,19,IT,41308,25,2,3.460279016058792,Low
24,9,IT,92522,58,5,4.707630248583456,Medium
42,4,IT,75671,79,9,4.848233995765407,High
44,2,IT,32204,34,1,3.03583616168819,Low
26,4,IT,117265,52,5,2.811299221137307,Medium
42,2,IT,61131,39,6,2.114777263714103,Medium
26,15,HR,82428,90,7,4.83548749276164,High
31,2,IT,63870,42,9,1.5712572178914694,Medium
31,4,Sales,79067,35,6,3.3193183041909,Medium
40,6,HR,88585,82,5,2.1302010700745555,Medium
38,7,IT,51607,28,7,2.1160331613911865,Medium
42,10,Sales,54968,53,1,2.619874349504754,Low
35,19,HR,41908,36,5,4.995171743262619,Medium
30,19,Sales,56423,59,2,1.2198652273592883,Low
35,12,IT,104707,83,4,3.314167272814126,Medium
22,3,IT,108257,62,7,1.3302886321411087,Medium
40,13,IT,91215,7,5,1.6180833199620759,Medium
34,18,IT,85835,84,6,2.7582517670915947,Medium
34,8,HR,79429,73,2,3.041840525385765,Low
25,15,HR,112152,89,3,2.035169633458096,Low
22,1,Sales,68458,14,7,2.2658285234976647,Medium
38,3,IT,76169,87,2,1.3478680810237322,Low
29,8,Sales,37659,29,6,2.212879135377002,Medium
23,4,HR,90614,72,5,4.866233757522176,Medium
49,16,IT,107240,65,1,4.778829526689927,Low
29,10,IT,62793,33,4,2.33951316054794,Medium
28,12,HR,76473,23,2,3.2834157451150463,Low
47,14,HR,119388,47,4,4.638381564443778,Medium
47,14,HR,118330,70,1,1.0247352905635867,Low
23,2,HR,85751,78,2,4.2427342813503675,Low
43,5,HR,108915,65,8,4.793478211155676,High
43,5,IT,84254,47,6,1.3653029373342283,Medium
24,6,HR,37006,29,2,1.6457907441316841,Low
48,13,IT,104218,24,6,4.842985211085422,Medium
39,9,IT,95344,52,9,3.150160574561385,Medium
33,15,HR,63840,87,7,1.0567865378868948,Medium
22,14,HR,62430,91,9,2.0305279950541166,Medium
43,7,IT,53091,28,5,2.7997746970754385,Medium
33,2,HR,62983,15,7,3.771635644099071,Medium
26,7,HR,53989,59,7,3.9326415125471983,Medium
48,6,HR,105451,32,3,4.981686051701825,Low
46,17,Sales,48990,73,7,2.150044797535036,Medium
38,2,IT,110360,67,1,3.152880407473901,Low
37,3,Sales,66081,63,9,3.13329419143842,Medium
36,5,HR,41033,9,6,2.62258103778895,Medium
44,5,Sales,46241,55,5,1.6766475753696808,Medium
36,1,HR,35939,25,7,4.90982625273537,High
26,8,Sales,77562,16,5,4.413268746666344,Medium
42,12,HR,65063,54,5,2.993332113176949,Medium
35,4,Sales,106721,8,7,3.4129816907361192,Medium
23,13,Sales,57045,46,7,1.9090442142386492,Medium
32,15,Sales,74769,88,3,3.1751482815669876,Low
40,11,IT,77118,42,3,3.7798805324859033,Low
28,10,Sales,114703,29,3,3.060668113546355,Low
27,3,IT,51625,18,6,4.9611406823397655,Medium
49,14,HR,57076,79,6,3.4453666249909047,Medium
23,16,Sales,94805,36,3,2.483894850368676,Low
27,10,HR,74605,15,3,4.088608110463353,Low
39,10,HR,114565,65,8,1.6818500463265682,Medium
23,12,Sales,118509,22,8,2.538063254825066,Medium
39,9,IT,69121,31,7,2.3878358015103434,Medium
36,1,Sales,95101,59,4,2.727228380431109,Medium
48,5,HR,61433,58,4,4.127119303714905,Medium
40,8,HR,73309,86,3,2.93669212865363,Low
23,11,Sales,97468,91,5,4.176057801063851,Medium
41,12,IT,74254,79,3,3.3059556125594636,Low
46,1,IT,97293,25,8,2.3682777386302214,Medium
27,11,HR,67853,48,7,4.23991497473389,High
22,5,HR,68405,9,3,1.9531586822123663,Low
45,15,IT,96652,91,9,1.897531919199182,Medium
36,5,Sales,73527,45,5,3.018011696219343,Medium
49,12,HR,107227,63,9,2.0433969838483557,Medium
44,5,IT,30492,93,7,1.0363481398048653,Medium
31,17,HR,38811,58,7,3.593190109195206,Medium
40,17,Sales,54272,78,6,3.044375285889592,Medium
38,12,IT,102010,26,2,2.7820712579726448,Low
26,15,HR,77153,87,9,4.867874058473261,High
25,15,Sales,84110,69,6,3.2847967358516548,Medium
31,6,HR,43979,68,8,4.4537263111575385,High
45,12,Sales,58328,75,1,1.5578009448206407,Low
38,18,Sales,42867,8,5,3.2768258525177107,Medium
31,14,IT,89234,69,1,4.471918506923611,Low
38,2,Sales,55851,19,8,3.332423029119592,Medium
49,9,HR,61279,80,8,3.872056712508006,Medium
41,5,Sales,103402,26,1,2.4881742712488295,Low
45,1,Sales,45449,90,9,1.3697980681482664,Medium
26,3,IT,106221,51,2,2.8316011805082857,Low
